dataset	samples_total	accuracy	balanced_accuracy
result_AGP_gai	5350	0.6598130841121496	0.47874444322628307
results_GGMP_gai	5799	0.8082428004828419	0.49682001271994913
